{"cameraMode":{"drawMode":0,"name":"Shaded","section":"Shading Mode"},"sceneLighting":false,"audioPlay":false,"sceneViewState":{"showFog":false,"showMaterialUpdate":false,"showSkybox":false,"showFlares":false,"showImageEffects":false,"showParticleSystems":true},"in2DMode":false,"pivot":{"x":0.19999998807907105,"y":0.6000000238418579,"z":0.0},"rotation":{"x":-0.07883529365062714,"y":0.8276593685150147,"z":-0.12027589976787567,"w":-0.5424930453300476},"size":3.0602939128875734,"orthographic":false}